ITALIANS_DRR083827	ITALIANS_DRR083828	ITALIANS_DRR083829	ITALIANS_DRR083830	ITALIANS_DRR083831	ITALIANS_DRR083832	ITALIANS_DRR083833	ITALIANS_DRR083834	ITALIANS_DRR083835	ITALIANS_DRR083836	ITALIANS_DRR083837	ITALIANS_DRR083838	ITALIANS_DRR083839	ITALIANS_DRR083840	ITALIANS_DRR083841	ITALIANS_DRR083842	ITALIANS_DRR083843	ITALIANS_DRR083844	ITALIANS_DRR083845	ITALIANS_DRR083846	ITALIANS_DRR083847	ITALIANS_DRR083848	ITALIANS_DRR083849	ITALIANS_DRR083850	ITALIANS_DRR083851	ITALIANS_DRR083852	ITALIANS_DRR083853	ITALIANS_DRR083854	ITALIANS_DRR083855	ITALIANS_DRR083856	ITALIANS_DRR083857	ITALIANS_DRR083858	ITALIANS_DRR083859	ITALIANS_DRR083860	ITALIANS_DRR083861	ITALIANS_DRR083862	ITALIANS_DRR083863	ITALIANS_DRR083864	ITALIANS_DRR083865	ITALIANS_DRR083866	ITALIANS_DRR083867	ITALIANS_DRR083868	ITALIANS_DRR083869	ITALIANS_DRR083870	ITALIANS_DRR083871	ITALIANS_DRR083872	ITALIANS_DRR083873	ITALIANS_DRR083874	ITALIANS_DRR083875	ITALIANS_DRR083876	ITALIANS_DRR083877	ITALIANS_DRR083878	ITALIANS_DRR083879	ITALIANS_DRR083880	ITALIANS_DRR083881	ITALIANS_DRR083882	ITALIANS_DRR083883	ITALIANS_DRR083884	ITALIANS_DRR083885	ITALIANS_DRR083886	ITALIANS_DRR083887	ITALIANS_DRR083888	ITALIANS_DRR083889	ITALIANS_DRR083890	ITALIANS_DRR083891	ITALIANS_DRR083892	ITALIANS_DRR083893	ITALIANS_DRR083894	ITALIANS_DRR083895	ITALIANS_DRR083896	ITALIANS_DRR083897	ITALIANS_DRR083898	ITALIANS_DRR083899	ITALIANS_DRR083900	ITALIANS_DRR083901	ITALIANS_DRR083902	ITALIANS_DRR083903	ITALIANS_DRR083904	ITALIANS_DRR083905	ITALIANS_DRR083906	ITALIANS_DRR083907	ITALIANS_DRR083908	ITALIANS_DRR083909	ITALIANS_DRR083910	LIPIEC_16S_v4_T_B01	LIPIEC_16S_v4_T_B02	LIPIEC_16S_v4_T_G01	LIPIEC_16S_v4_T_G02	LIPIEC_16S_v4_T_KE008_A01	LIPIEC_16S_v4_T_KE008_A02	LIPIEC_16S_v4_T_KE008_A03	LIPIEC_16S_v4_T_KE008_A04	LIPIEC_16S_v4_T_KE008_A05	LIPIEC_16S_v4_T_KE008_A06	LIPIEC_16S_v4_T_KE008_A07	LIPIEC_16S_v4_T_KE008_A08	LIPIEC_16S_v4_T_KE008_A09	LIPIEC_16S_v4_T_KE008_A10	LIPIEC_16S_v4_T_KE008_B01	LIPIEC_16S_v4_T_KE008_B02	LIPIEC_16S_v4_T_KE008_B03	LIPIEC_16S_v4_T_KE008_B04	LIPIEC_16S_v4_T_KE008_B05	LIPIEC_16S_v4_T_KE008_B06	LIPIEC_16S_v4_T_KE008_B07	LIPIEC_16S_v4_T_KE008_B08	LIPIEC_16S_v4_T_KE008_B09	LIPIEC_16S_v4_T_KE008_B10	LIPIEC_16S_v4_T_KE008_C01	LIPIEC_16S_v4_T_KE008_C02	LIPIEC_16S_v4_T_KE008_C03	LIPIEC_16S_v4_T_KE008_C04	LIPIEC_16S_v4_T_KE008_C05	LIPIEC_16S_v4_T_KE008_C06	LIPIEC_16S_v4_T_KE008_C07	LIPIEC_16S_v4_T_KE008_C08	LIPIEC_16S_v4_T_KE008_C09	LIPIEC_16S_v4_T_KE008_C10	LIPIEC_16S_v4_T_L01	LIPIEC_16S_v4_T_L02	LIPIEC_16S_v4_T_Neg_PCR1	LIPIEC_16S_v4_T_Neg_PCR2	LIPIEC_16S_v4_T_PL010_A01	LIPIEC_16S_v4_T_PL010_A02	LIPIEC_16S_v4_T_PL010_A03	LIPIEC_16S_v4_T_PL010_A04	LIPIEC_16S_v4_T_PL010_A05	LIPIEC_16S_v4_T_PL010_A06	LIPIEC_16S_v4_T_PL010_A07	LIPIEC_16S_v4_T_PL010_A08	LIPIEC_16S_v4_T_PL010_A09	LIPIEC_16S_v4_T_PL010_A10	LIPIEC_16S_v4_T_PL010_B01	LIPIEC_16S_v4_T_PL010_B02	LIPIEC_16S_v4_T_PL010_B03	LIPIEC_16S_v4_T_PL010_B04	LIPIEC_16S_v4_T_PL010_B05	LIPIEC_16S_v4_T_PL010_B06	LIPIEC_16S_v4_T_PL010_B07	LIPIEC_16S_v4_T_PL010_B08	LIPIEC_16S_v4_T_PL010_B09	LIPIEC_16S_v4_T_PL010_B10	LIPIEC_16S_v4_T_PL010_C01	LIPIEC_16S_v4_T_PL010_C02	LIPIEC_16S_v4_T_PL010_C03	LIPIEC_16S_v4_T_PL010_C04	LIPIEC_16S_v4_T_PL010_C05	LIPIEC_16S_v4_T_PL010_C06	LIPIEC_16S_v4_T_PL010_C07	LIPIEC_16S_v4_T_PL010_C08	LIPIEC_16S_v4_T_PL010_C09	LIPIEC_16S_v4_T_PL015_A01	LIPIEC_16S_v4_T_PL015_A02	LIPIEC_16S_v4_T_PL015_A03	LIPIEC_16S_v4_T_PL015_A04	LIPIEC_16S_v4_T_PL015_A05	LIPIEC_16S_v4_T_PL015_A06	LIPIEC_16S_v4_T_PL015_A07	LIPIEC_16S_v4_T_PL015_A08	LIPIEC_16S_v4_T_PL015_A09	LIPIEC_16S_v4_T_PL015_A10	LIPIEC_16S_v4_T_PL015_B01	LIPIEC_16S_v4_T_PL015_B02	LIPIEC_16S_v4_T_PL015_B03	LIPIEC_16S_v4_T_PL015_B04	LIPIEC_16S_v4_T_PL015_B05	LIPIEC_16S_v4_T_PL015_B06	LIPIEC_16S_v4_T_PL015_B07	LIPIEC_16S_v4_T_PL015_B08	LIPIEC_16S_v4_T_PL015_B09	LIPIEC_16S_v4_T_PL015_B10	LIPIEC_16S_v4_T_PL015_C01	LIPIEC_16S_v4_T_PL015_C02	LIPIEC_16S_v4_T_PL015_C03	LIPIEC_16S_v4_T_PL015_C04	LIPIEC_16S_v4_T_PL015_C05	LIPIEC_16S_v4_T_PL015_C06	LIPIEC_16S_v4_T_PL015_C07	LIPIEC_16S_v4_T_PL015_C08	LIPIEC_16S_v4_T_PL015_C09	LIPIEC_16S_v4_T_PL015_C10	LIPIEC_16S_v4_T_Q10_A10	LIPIEC_16S_v4_T_Q11_B01	LIPIEC_16S_v4_T_Q12_B02	LIPIEC_16S_v4_T_Q13_B03	LIPIEC_16S_v4_T_Q14_B04	LIPIEC_16S_v4_T_Q15_B05	LIPIEC_16S_v4_T_Q16_B06	LIPIEC_16S_v4_T_Q17_B07	LIPIEC_16S_v4_T_Q18_B08	LIPIEC_16S_v4_T_Q19_B09	LIPIEC_16S_v4_T_Q1_A01	LIPIEC_16S_v4_T_Q20_B10	LIPIEC_16S_v4_T_Q21_C01	LIPIEC_16S_v4_T_Q22_C02	LIPIEC_16S_v4_T_Q23_C03	LIPIEC_16S_v4_T_Q24_C04	LIPIEC_16S_v4_T_Q25_C05	LIPIEC_16S_v4_T_Q26_C06	LIPIEC_16S_v4_T_Q27_C07	LIPIEC_16S_v4_T_Q28_C08	LIPIEC_16S_v4_T_Q29_C09	LIPIEC_16S_v4_T_Q2_A02	LIPIEC_16S_v4_T_Q30_C10	LIPIEC_16S_v4_T_Q31_B01	LIPIEC_16S_v4_T_Q32_B02	LIPIEC_16S_v4_T_Q33_R01	LIPIEC_16S_v4_T_Q34_R02	LIPIEC_16S_v4_T_Q35_G01	LIPIEC_16S_v4_T_Q36_G02	LIPIEC_16S_v4_T_Q37_L01	LIPIEC_16S_v4_T_Q38_L02	LIPIEC_16S_v4_T_Q39_Z01	LIPIEC_16S_v4_T_Q3_A03	LIPIEC_16S_v4_T_Q40_Z02	LIPIEC_16S_v4_T_Q4_A04	LIPIEC_16S_v4_T_Q5_A05	LIPIEC_16S_v4_T_Q6_A06	LIPIEC_16S_v4_T_Q7_A07	LIPIEC_16S_v4_T_Q8_A08	LIPIEC_16S_v4_T_Q9_A09	LIPIEC_16S_v4_T_R01	LIPIEC_16S_v4_T_R02	LIPIEC_16S_v4_T_Z01	LIPIEC_16S_v4_T_Z02	WRZESIEN_16S_v4_T_A01	WRZESIEN_16S_v4_T_A02	WRZESIEN_16S_v4_T_A03	WRZESIEN_16S_v4_T_A04	WRZESIEN_16S_v4_T_A05	WRZESIEN_16S_v4_T_A06	WRZESIEN_16S_v4_T_A07	WRZESIEN_16S_v4_T_A08	WRZESIEN_16S_v4_T_A09	WRZESIEN_16S_v4_T_A10	WRZESIEN_16S_v4_T_B01	WRZESIEN_16S_v4_T_B02	WRZESIEN_16S_v4_T_B03	WRZESIEN_16S_v4_T_B04	WRZESIEN_16S_v4_T_B05	WRZESIEN_16S_v4_T_B06	WRZESIEN_16S_v4_T_B07	WRZESIEN_16S_v4_T_B08	WRZESIEN_16S_v4_T_B09	WRZESIEN_16S_v4_T_B10	WRZESIEN_16S_v4_T_C01	WRZESIEN_16S_v4_T_C02	WRZESIEN_16S_v4_T_C03	WRZESIEN_16S_v4_T_C04	WRZESIEN_16S_v4_T_C05	WRZESIEN_16S_v4_T_C06	WRZESIEN_16S_v4_T_C07	WRZESIEN_16S_v4_T_C08	WRZESIEN_16S_v4_T_C09	WRZESIEN_16S_v4_T_C10	WRZESIEN_16S_v4_T_D01	WRZESIEN_16S_v4_T_D02	WRZESIEN_16S_v4_T_D03	WRZESIEN_16S_v4_T_D04	WRZESIEN_16S_v4_T_D05	WRZESIEN_16S_v4_T_D06	WRZESIEN_16S_v4_T_D07	WRZESIEN_16S_v4_T_D08	WRZESIEN_16S_v4_T_D09	WRZESIEN_16S_v4_T_D10	WRZESIEN_16S_v4_T_E01	WRZESIEN_16S_v4_T_E02	WRZESIEN_16S_v4_T_E03	WRZESIEN_16S_v4_T_E04	WRZESIEN_16S_v4_T_E05	WRZESIEN_16S_v4_T_E06	WRZESIEN_16S_v4_T_E07	WRZESIEN_16S_v4_T_E08	WRZESIEN_16S_v4_T_E09	WRZESIEN_16S_v4_T_E10	WRZESIEN_16S_v4_T_F01	WRZESIEN_16S_v4_T_F02	WRZESIEN_16S_v4_T_F03	WRZESIEN_16S_v4_T_F04	WRZESIEN_16S_v4_T_F05	WRZESIEN_16S_v4_T_F06	WRZESIEN_16S_v4_T_F07	WRZESIEN_16S_v4_T_F08	WRZESIEN_16S_v4_T_F09	WRZESIEN_16S_v4_T_F10	WRZESIEN_16S_v4_T_KN_hom1	WRZESIEN_16S_v4_T_KN_hom2	WRZESIEN_16S_v4_T_KN_hom_pl1	WRZESIEN_16S_v4_T_KN_hom_pl2	WRZESIEN_16S_v4_T_Neg_PCR	PIERWSZE_T_AU_031_1_S80_L001	PIERWSZE_T_AU_031_2_S81_L001	PIERWSZE_T_B1_S38_L001	PIERWSZE_T_B2_S39_L001	PIERWSZE_T_CH_001_1_S94_L001	PIERWSZE_T_CH_001_2_S95_L001	PIERWSZE_T_DE_001_1_S96_L001	PIERWSZE_T_DE_001_2_S97_L001	PIERWSZE_T_ES_004_1_S78_L001	PIERWSZE_T_ES_004_2_S79_L001	PIERWSZE_T_FR_072_1_S100_L001	PIERWSZE_T_FR_072_2_S101_L001	PIERWSZE_T_FR_083_1_S86_L001	PIERWSZE_T_FR_083_2_S87_L001	PIERWSZE_T_FR_123_1_S70_L001	PIERWSZE_T_FR_123_2_S71_L001	PIERWSZE_T_G1_S44_L001	PIERWSZE_T_G2_S45_L001	PIERWSZE_T_GB_003_1_S52_L001	PIERWSZE_T_GB_003_2_S53_L001	PIERWSZE_T_GB_093_1_S46_L001	PIERWSZE_T_GB_093_2_S47_L001	PIERWSZE_T_HU_012_1_S74_L001	PIERWSZE_T_HU_012_2_S75_L001	PIERWSZE_T_IN_030_1_S88_L001	PIERWSZE_T_IN_030_2_S89_L001	PIERWSZE_T_IT_048_1_S68_L001	PIERWSZE_T_IT_048_2_S69_L001	PIERWSZE_T_JP_002_1_S76_L001	PIERWSZE_T_JP_002_2_S77_L001	PIERWSZE_T_KE_008_A1_S26_L001	PIERWSZE_T_KE_008_A2_S27_L001	PIERWSZE_T_KE_008_A3_S28_L001	PIERWSZE_T_KE_008_A4_S29_L001	PIERWSZE_T_KE_008_B1_S30_L001	PIERWSZE_T_KE_008_B2_S31_L001	PIERWSZE_T_KE_008_B3_S32_L001	PIERWSZE_T_KE_008_B4_S33_L001	PIERWSZE_T_KE_008_C1_S34_L001	PIERWSZE_T_KE_008_C2_S35_L001	PIERWSZE_T_KE_008_C3_S36_L001	PIERWSZE_T_KE_008_C4_S37_L001	PIERWSZE_T_MG_002_1_S102_L001	PIERWSZE_T_MG_002_2_S103_L001	PIERWSZE_T_Neg_PCRI_1_S41_L001	PIERWSZE_T_Neg_PCRI_2_S106_L001	PIERWSZE_T_NO_385_1_S60_L001	PIERWSZE_T_NO_385_2_S61_L001	PIERWSZE_T_NO_386_1_S64_L001	PIERWSZE_T_NO_386_2_S65_L001	PIERWSZE_T_NZ_030_1_S98_L001	PIERWSZE_T_NZ_030_2_S99_L001	PIERWSZE_T_PL_010_A1_S14_L001	PIERWSZE_T_PL_010_A2_S15_L001	PIERWSZE_T_PL_010_A3_S16_L001	PIERWSZE_T_PL_010_A4_S17_L001	PIERWSZE_T_PL_010_B1_S18_L001	PIERWSZE_T_PL_010_B2_S19_L001	PIERWSZE_T_PL_010_B3_S20_L001	PIERWSZE_T_PL_010_B4_S21_L001	PIERWSZE_T_PL_010_C1_S22_L001	PIERWSZE_T_PL_010_C2_S23_L001	PIERWSZE_T_PL_010_C3_S24_L001	PIERWSZE_T_PL_010_C4_S25_L001	PIERWSZE_T_PL_014_1_S58_L001	PIERWSZE_T_PL_014_2_S59_L001	PIERWSZE_T_PL_015_A1_S2_L001	PIERWSZE_T_PL_015_A2_S3_L001	PIERWSZE_T_PL_015_A3_S4_L001	PIERWSZE_T_PL_015_A4_S5_L001	PIERWSZE_T_PL_015_B1_S6_L001	PIERWSZE_T_PL_015_B2_S7_L001	PIERWSZE_T_PL_015_B3_S8_L001	PIERWSZE_T_PL_015_B4_S9_L001	PIERWSZE_T_PL_015_C1_S10_L001	PIERWSZE_T_PL_015_C2_S11_L001	PIERWSZE_T_PL_015_C3_S12_L001	PIERWSZE_T_PL_015_C4_S13_L001	PIERWSZE_T_PL_016_1_S54_L001	PIERWSZE_T_PL_016_2_S55_L001	PIERWSZE_T_PL_018_1_S62_L001	PIERWSZE_T_PL_018_2_S63_L001	PIERWSZE_T_PL_110_1_S82_L001	PIERWSZE_T_PL_110_2_S83_L001	PIERWSZE_T_PL_247_1_S104_L001	PIERWSZE_T_PL_247_2_S105_L001	PIERWSZE_T_PL_318_1_S56_L001	PIERWSZE_T_PL_318_2_S57_L001	PIERWSZE_T_PT_006_1_S66_L001	PIERWSZE_T_PT_006_2_S67_L001	PIERWSZE_T_PT_008_1_S92_L001	PIERWSZE_T_PT_008_2_S93_L001	PIERWSZE_T_PT_035_1_S72_L001	PIERWSZE_T_PT_035_2_S73_L001	PIERWSZE_T_PT_056_1_S84_L001	PIERWSZE_T_PT_056_2_S85_L001	PIERWSZE_T_R1_S40_L001	PIERWSZE_T_R2_S43_L001	PIERWSZE_T_RU_017_1_S50_L001	PIERWSZE_T_RU_017_2_S51_L001	PIERWSZE_T_SK_003_1_S90_L001	PIERWSZE_T_SK_003_2_S91_L001	PIERWSZE_T_VN_036_1_S48_L001	PIERWSZE_T_VN_036_2_S49_L001	PIERWSZE_TZ_blank_LB_Z_S148_L001	PIERWSZE_TZ_G1_Z_S146_L001	PIERWSZE_TZ_G2_Z_S147_L001	PIERWSZE_TZ_KE_008_A1_S132_L001	PIERWSZE_TZ_KE_008_A2_S133_L001	PIERWSZE_TZ_KE_008_A3_S134_L001	PIERWSZE_TZ_KE_008_A4_S135_L001	PIERWSZE_TZ_KE_008_B1_S136_L001	PIERWSZE_TZ_KE_008_B2_S137_L001	PIERWSZE_TZ_KE_008_B3_S138_L001	PIERWSZE_TZ_KE_008_B4_S139_L001	PIERWSZE_TZ_KE_008_C1_S140_L001	PIERWSZE_TZ_KE_008_C2_S141_L001	PIERWSZE_TZ_KE_008_C3_S142_L001	PIERWSZE_TZ_KE_008_C4_S143_L001	PIERWSZE_TZ_Neg_PCRI_S149_L001	PIERWSZE_TZ_PL_010_A1_S120_L001	PIERWSZE_TZ_PL_010_A2_S121_L001	PIERWSZE_TZ_PL_010_A3_S122_L001	PIERWSZE_TZ_PL_010_A4_S123_L001	PIERWSZE_TZ_PL_010_B1_S124_L001	PIERWSZE_TZ_PL_010_B2_S125_L001	PIERWSZE_TZ_PL_010_B3_S126_L001	PIERWSZE_TZ_PL_010_B4_S127_L001	PIERWSZE_TZ_PL_010_C1_S128_L001	PIERWSZE_TZ_PL_010_C2_S129_L001	PIERWSZE_TZ_PL_010_C3_S130_L001	PIERWSZE_TZ_PL_010_C4_S131_L001	PIERWSZE_TZ_PL_015_A1_S108_L001	PIERWSZE_TZ_PL_015_A2_S109_L001	PIERWSZE_TZ_PL_015_A3_S110_L001	PIERWSZE_TZ_PL_015_A4_S111_L001	PIERWSZE_TZ_PL_015_B1_S112_L001	PIERWSZE_TZ_PL_015_B2_S113_L001	PIERWSZE_TZ_PL_015_B3_S114_L001	PIERWSZE_TZ_PL_015_B4_S115_L001	PIERWSZE_TZ_PL_015_C1_S116_L001	PIERWSZE_TZ_PL_015_C2_S117_L001	PIERWSZE_TZ_PL_015_C3_S118_L001	PIERWSZE_TZ_PL_015_C4_S119_L001	PIERWSZE_TZ_R1_Z_S144_L001	PIERWSZE_TZ_R2_Z_S145_L001	MALZE_SRR8842347	MALZE_SRR8842348	MALZE_SRR8842349	MALZE_SRR8842350	MALZE_SRR8842351	MALZE_SRR8842352	MALZE_SRR8842353	MALZE_SRR8842354	MALZE_SRR8842355	MALZE_SRR8842356	MALZE_SRR8842357	MALZE_SRR8842358	MALZE_SRR8842359	MALZE_SRR8842360	MALZE_SRR8842361	MALZE_SRR8842362	MALZE_SRR8842363	MALZE_SRR8842364	PAM_EX_SRR9312602	PAM_EX_SRR9312603	PAM_EX_SRR9312604	PAM_EX_SRR9312605	PAM_EX_SRR9312606	DAST_SRR8837415
Sample3	Sample3	Sample3	Sample3	Sample3	Sample3	Sample3	Sample3	Sample3	Sample3	Sample1	Sample1	Sample1	Sample1	Sample1	Sample1	Sample1	Sample1	Sample1	Sample1	Sample1	Sample2	Sample2	Sample2	Sample2	Sample2	Sample2	Sample2	Sample2	Sample2	Sample2	Sample2	Sample4	Sample4	Sample4	Sample4	Sample4	Sample4	Sample4	Sample4	Sample4	Sample4	Sample5	Sample5	Sample5	Sample5	Sample5	Sample5	Sample5	Sample5	Sample5	Sample5	Sample6	Sample6	Sample6	Sample6	Sample6	Sample6	Sample6	Sample6	Sample6	Sample6	Sample6	Sample6	Sample6	Sample6	Sample6	Sample7	Sample7	Sample7	Sample7	Sample7	Sample7	Sample7	Sample7	Sample7	Sample7	Sample7	Sample7	Sample7	Sample7	Sample7	Control-1	Control-2					A	A	A	A	A	A	A	A	A	A	B	B	B	B	B	B	B	B	B	B	C	C	C	C	C	C	C	C	C	C					A	A	A	A	A	A	A	A	A	A	B	B	B	B	B	B	B	B	B	B	C	C	C	C	C	C	C	C	C	A	A	A	A	A	A	A	A	A	A	B	B	B	B	B	B	B	B	B	B	C	C	C	C	C	C	C	C	C	C	A	B	B	B	B	B	B	B	B	B	A	B	C	C	C	C	C	C	C	C	C	A	C										A		A	A	A	A	A	A					A	A	B	B	C	C	A	A	B	B	C	C	A	A	B	B	C	C																																																																														A	A	A	A	B	B	B	B	C	C	C	C											A	A	A	A	B	B	B	B	C	C	C	C			A	A	A	A	B	B	B	B	C	C	C	C																														A	A	A	A	B	B	B	B	C	C	C	C		A	A	A	A	B	B	B	B	C	C	C	C	A	A	A	A	B	B	B	B	C	C	C	C																										
																																																																																				beads	beads	beads	beads	beads	beads	beads	beads	beads	beads	beads	beads	beads	beads	beads	beads	beads	beads	beads	beads	beads	beads	beads	beads	beads	beads	beads	beads	beads	beads	beads	beads	beads	beads	beads	beads			beads	beads	beads	beads	beads	beads	beads	beads	beads	beads	beads	beads	beads	beads	beads	beads	beads	beads	beads	beads	beads	beads	beads	beads	beads	beads	beads	beads	beads	beads	beads	beads	beads	beads	beads	beads	beads	beads	beads	beads	beads	beads	beads	beads	beads	beads	beads	beads	beads	beads	beads	beads	beads	beads	beads	beads	beads	beads	beads	Qiagen	Qiagen	Qiagen	Qiagen	Qiagen	Qiagen	Qiagen	Qiagen	Qiagen	Qiagen	Qiagen	Qiagen	Qiagen	Qiagen	Qiagen	Qiagen	Qiagen	Qiagen	Qiagen	Qiagen	Qiagen	Qiagen	Qiagen	Qiagen	Qiagen	Qiagen	Qiagen	Qiagen	Qiagen	Qiagen	Qiagen	Qiagen	Qiagen	Qiagen	Qiagen	Qiagen	Qiagen	Qiagen	Qiagen	Qiagen	beads	beads	beads	beads	beads	beads	beads	beads	beads	beads	beads	beads	beads	beads	beads	beads	beads	beads	beads	beads	beads	beads	beads	beads	beads	beads	beads	beads	beads	beads	beads	beads	beads	beads	beads	beads	beads	beads	beads	beads	beads	beads	beads	beads	beads	beads	beads	beads	beads	beads	beads	beads	beads	beads	beads	beads	beads	beads	beads	beads	beads	beads	beads	beads	beads	beads	beads	beads		Chelex	Chelex	Chelex	Chelex	Chelex	Chelex	Chelex	Chelex	Chelex	Chelex	Chelex	Chelex	Chelex	Chelex	Chelex	Chelex	Chelex	Chelex	Chelex	Chelex	Chelex	Chelex	Chelex	Chelex	Chelex	Chelex	Chelex	Chelex	Chelex	Chelex	Chelex	Chelex	Chelex	Chelex	Chelex	Chelex	Chelex	Chelex	Chelex	Chelex	Chelex	Chelex	Chelex	Chelex			Chelex	Chelex	Chelex	Chelex	Chelex	Chelex	Chelex	Chelex	Chelex	Chelex	Chelex	Chelex	Chelex	Chelex	Chelex	Chelex	Chelex	Chelex	Chelex	Chelex	Chelex	Chelex	Chelex	Chelex	Chelex	Chelex	Chelex	Chelex	Chelex	Chelex	Chelex	Chelex	Chelex	Chelex	Chelex	Chelex	Chelex	Chelex	Chelex	Chelex	Chelex	Chelex	Chelex	Chelex	Chelex	Chelex	Chelex	Chelex	Chelex	Chelex	Chelex	Chelex	Chelex	Chelex	Chelex	Chelex	Chelex	Chelex	beads	beads	beads	beads	beads	beads	beads	beads	beads	beads	beads	beads	beads	beads	beads		beads	beads	beads	beads	beads	beads	beads	beads	beads	beads	beads	beads	beads	beads	beads	beads	beads	beads	beads	beads	beads	beads	beads	beads	beads	beads	1.MUSSELS	1.MUSSELS	1.MUSSELS	1.MUSSELS	1.MUSSELS	1.MUSSELS	1.MUSSELS	1.MUSSELS	1.MUSSELS	1.MUSSELS	1.MUSSELS	1.MUSSELS	1.MUSSELS	1.MUSSELS	1.MUSSELS	1.MUSSELS	1.MUSSELS	1.MUSSELS	2.PAM	2.PAM	2.PAM	2.PAM	2.PAM	3.DAST
Acutuncus antarcticus	Acutuncus antarcticus	Acutuncus antarcticus	Acutuncus antarcticus	Acutuncus antarcticus	Acutuncus antarcticus	Acutuncus antarcticus	Acutuncus antarcticus	Acutuncus antarcticus	Acutuncus antarcticus	Acutuncus antarcticus	Acutuncus antarcticus	Acutuncus antarcticus	Acutuncus antarcticus	Acutuncus antarcticus	Acutuncus antarcticus	Acutuncus antarcticus	Acutuncus antarcticus	Acutuncus antarcticus	Acutuncus antarcticus	Acutuncus antarcticus	Acutuncus antarcticus	Acutuncus antarcticus	Acutuncus antarcticus	Acutuncus antarcticus	Acutuncus antarcticus	Acutuncus antarcticus	Acutuncus antarcticus	Acutuncus antarcticus	Acutuncus antarcticus	Acutuncus antarcticus	Acutuncus antarcticus	Ramazzottius oberhaeuseri	Ramazzottius oberhaeuseri	Ramazzottius oberhaeuseri	Ramazzottius oberhaeuseri	Ramazzottius oberhaeuseri	Ramazzottius oberhaeuseri	Ramazzottius oberhaeuseri	Ramazzottius oberhaeuseri	Ramazzottius oberhaeuseri	Ramazzottius oberhaeuseri	Ramazzottius oberhaeuseri	Ramazzottius oberhaeuseri	Ramazzottius oberhaeuseri	Ramazzottius oberhaeuseri	Ramazzottius oberhaeuseri	Ramazzottius oberhaeuseri	Ramazzottius oberhaeuseri	Ramazzottius oberhaeuseri	Ramazzottius oberhaeuseri	Ramazzottius oberhaeuseri	Macrobiotus macrocalix	Macrobiotus macrocalix	Macrobiotus macrocalix	Macrobiotus macrocalix	Macrobiotus macrocalix	Richtersius coronifer	Richtersius coronifer	Richtersius coronifer	Richtersius coronifer	Richtersius coronifer	Mac/Ric	Mac/Ric	Mac/Ric	Mac/Ric	Mac/Ric	Echiniscus	Echiniscus	Echiniscus	Echiniscus	Echiniscus	Paramacrobiotus areolatus	Paramacrobiotus areolatus	Paramacrobiotus areolatus	Paramacrobiotus areolatus	Paramacrobiotus areolatus	Pam/Ech	Pam/Ech	Pam/Ech	Pam/Ech	Pam/Ech	blank	blank	blank	blank	algae	algae	Meb.KE.008	Meb.KE.008	Meb.KE.008	Meb.KE.008	Meb.KE.008	Meb.KE.008	Meb.KE.008	Meb.KE.008	Meb.KE.008	Meb.KE.008	Meb.KE.008	Meb.KE.008	Meb.KE.008	Meb.KE.008	Meb.KE.008	Meb.KE.008	Meb.KE.008	Meb.KE.008	Meb.KE.008	Meb.KE.008	Meb.KE.008	Meb.KE.008	Meb.KE.008	Meb.KE.008	Meb.KE.008	Meb.KE.008	Meb.KE.008	Meb.KE.008	Meb.KE.008	Meb.KE.008	ludwik	ludwik	blank	blank	Mac.PL.010	Mac.PL.010	Mac.PL.010	Mac.PL.010	Mac.PL.010	Mac.PL.010	Mac.PL.010	Mac.PL.010	Mac.PL.010	Mac.PL.010	Mac.PL.010	Mac.PL.010	Mac.PL.010	Mac.PL.010	Mac.PL.010	Mac.PL.010	Mac.PL.010	Mac.PL.010	Mac.PL.010	Mac.PL.010	Mac.PL.010	Mac.PL.010	Mac.PL.010	Mac.PL.010	Mac.PL.010	Mac.PL.010	Mac.PL.010	Mac.PL.010	Mac.PL.010	Mac.PL.015	Mac.PL.015	Mac.PL.015	Mac.PL.015	Mac.PL.015	Mac.PL.015	Mac.PL.015	Mac.PL.015	Mac.PL.015	Mac.PL.015	Mac.PL.015	Mac.PL.015	Mac.PL.015	Mac.PL.015	Mac.PL.015	Mac.PL.015	Mac.PL.015	Mac.PL.015	Mac.PL.015	Mac.PL.015	Mac.PL.015	Mac.PL.015	Mac.PL.015	Mac.PL.015	Mac.PL.015	Mac.PL.015	Mac.PL.015	Mac.PL.015	Mac.PL.015	Mac.PL.015	Mac.PL.015	Mac.PL.015	Mac.PL.015	Mac.PL.015	Mac.PL.015	Mac.PL.015	Mac.PL.015	Mac.PL.015	Mac.PL.015	Mac.PL.015	Mac.PL.015	Mac.PL.015	Mac.PL.015	Mac.PL.015	Mac.PL.015	Mac.PL.015	Mac.PL.015	Mac.PL.015	Mac.PL.015	Mac.PL.015	Mac.PL.015	Mac.PL.015	Mac.PL.015	blank	blank	rotifers	rotifers	algae	algae	ludwik	ludwik	zywiec	Mac.PL.015	zywiec	Mac.PL.015	Mac.PL.015	Mac.PL.015	Mac.PL.015	Mac.PL.015	Mac.PL.015	rotifers	rotifers	zywiec	zywiec	Meb.KE.008	Meb.KE.008	Meb.KE.008	Meb.KE.008	Meb.KE.008	Meb.KE.008	Mac.PL.010	Mac.PL.010	Mac.PL.010	Mac.PL.010	Mac.PL.010	Mac.PL.010	Mac.PL.015	Mac.PL.015	Mac.PL.015	Mac.PL.015	Mac.PL.015	Mac.PL.015	Pam.ric.ZA.212	Pam.ric.ZA.212	Pam.ric.ZA.212	Pam.ric.ZA.212	Pam.fai.PL.018	Pam.fai.PL.018	Pam.fai.PL.018	Pam.fai.PL.018	Pam.ric.KG.133	Pam.ric.KG.133	Pam.ric.KG.133	Pam.ric.KG.133	Mac.LT.013	Mac.LT.013	Mac.LT.013	Mac.LT.013	Mac.PL.352	Mac.PL.352	Mac.PL.352	Mac.PL.352	Mac.IN.030	Mac.IN.030	Mac.IN.030	Mac.IN.030	Pam.ric.TZ.073	Pam.ric.TZ.073	Pam.ric.TZ.073	Pam.ric.TZ.073	Meb.GB.093	Meb.GB.093	Meb.GB.093	Meb.GB.093	Mac.PL.110	Mac.PL.110	Mac.PL.110	Mac.PL.110	rotifers	rotifers	algae	algae	blank	blank	blank	blank	blank	blank	blank	Macrobiotus noongaris AU.031	Macrobiotus noongaris AU.031	blank	blank	Macrobiotus polonicus CH.001	Macrobiotus polonicus CH.001	Milnesium inceptum DE.001	Milnesium inceptum DE.001	Macrobiotus canaricus ES.004	Macrobiotus canaricus ES.004	Milnesium tardigradum FR.072	Milnesium tardigradum FR.072	Macrobiotus polonicus FR.083	Macrobiotus polonicus FR.083	Paramacrobiotus sp.  FR.123	Paramacrobiotus sp.  FR.123	algae	algae	Hypsibius exemplaris GB.003	Hypsibius exemplaris GB.003	Mesobiotus sp. GB.093	Mesobiotus sp. GB.093	Paramacrobiotus sp. HU.12	Paramacrobiotus sp. HU.12	Macrobiotus kamilae IN.030	Macrobiotus kamilae IN.030	Paramacrobiotus sp. IT.048	Paramacrobiotus sp. IT.048	Macrobiotus shonaicus JP.002	Macrobiotus shonaicus JP.002	Meb.KE.008	Meb.KE.008	Meb.KE.008	Meb.KE.008	Meb.KE.008	Meb.KE.008	Meb.KE.008	Meb.KE.008	Meb.KE.008	Meb.KE.008	Meb.KE.008	Meb.KE.008	Milnesium sp.  MG.002	Milnesium sp.  MG.002	blank	blank	Paramacrobiotus areolatus NO.385	Paramacrobiotus areolatus NO.385	Paramacrobiotus sp. NO.386	Paramacrobiotus sp. NO.386	Milnesium inceptum NZ.030	Milnesium inceptum NZ.030	Mac.PL.010	Mac.PL.010	Mac.PL.010	Mac.PL.010	Mac.PL.010	Mac.PL.010	Mac.PL.010	Mac.PL.010	Mac.PL.010	Mac.PL.010	Mac.PL.010	Mac.PL.010	Thulinius ruffoii PL.014	Thulinius ruffoii PL.014	Mac.PL.015	Mac.PL.015	Mac.PL.015	Mac.PL.015	Mac.PL.015	Mac.PL.015	Mac.PL.015	Mac.PL.015	Mac.PL.015	Mac.PL.015	Mac.PL.015	Mac.PL.015	Hypsibius sp.  PL.016	Hypsibius sp.  PL.016	Paramacrobiotus fairbanksi PL.018	Paramacrobiotus fairbanksi PL.018	Macrobiotus macrocalix PL.110	Macrobiotus macrocalix PL.110	Milnesium sp. PL.247	Milnesium sp. PL.247	Pseudobiotus sp.  PL.318	Pseudobiotus sp.  PL.318	Paramacrobiotus sp. PT.006	Paramacrobiotus sp. PT.006	Macrobiotus polonicus PT.008	Macrobiotus polonicus PT.008	Paramacrobiotus sp. PT.035	Paramacrobiotus sp. PT.035	Macrobiotus cf. recens PT.056	Macrobiotus cf. recens PT.056	rotifers	rotifers	Mesobiotus sp. RU.017	Mesobiotus sp. RU.017	Macrobiotus polonicus SK.003	Macrobiotus polonicus SK.003	Mesobiotus sp. VN.036	Mesobiotus sp. VN.036	blank	algae	algae	Meb.KE.008	Meb.KE.008	Meb.KE.008	Meb.KE.008	Meb.KE.008	Meb.KE.008	Meb.KE.008	Meb.KE.008	Meb.KE.008	Meb.KE.008	Meb.KE.008	Meb.KE.008	blank	Mac.PL.010	Mac.PL.010	Mac.PL.010	Mac.PL.010	Mac.PL.010	Mac.PL.010	Mac.PL.010	Mac.PL.010	Mac.PL.010	Mac.PL.010	Mac.PL.010	Mac.PL.010	Mac.PL.015	Mac.PL.015	Mac.PL.015	Mac.PL.015	Mac.PL.015	Mac.PL.015	Mac.PL.015	Mac.PL.015	Mac.PL.015	Mac.PL.015	Mac.PL.015	Mac.PL.015	rotifers	rotifers	Unio crassus gut	Unio crassus gut	Unio crassus gut	Unio crassus gut	Unio crassus gut	Unio crassus gut	Unio crassus gut	Unio crassus gut	Unio crassus gut	Unio crassus gut	Unio crassus gut	Unio crassus gut	Unio crassus gut	Unio crassus gut	Unio crassus gut	Unio crassus gut	Unio crassus gut	Unio crassus gut	rotifers	rotifers	rotifers	pam	pam	dast
S3-Acu-1	S3-Acu-2	S3-Acu-3	S3-Acu-4	S3-Acu-5	S3-Sub-1	S3-Sub-2	S3-Sub-3	S3-Sub-4	S3-Sub-5	S1-Acu-1	S1-Acu-2	S1-Acu-3	S1-Acu-4	S1-Acu-5	S1-Acu-6	S1-Sub-1	S1-Sub-2	S1-Sub-3	S1-Sub-4	S1-Sub-5	S2-Acu-1	S2-Acu-2	S2-Acu-3	S2-Acu-4	S2-Acu-5	S2-Acu-6	S2-Sub-1	S2-Sub-2	S2-Sub-3	S2-Sub-4	S2-Sub-5	S4-Ram-1	S4-Ram-2	S4-Ram-3	S4-Ram-4	S4-Ram-5	S4-Sub-1	S4-Sub-2	S4-Sub-3	S4-Sub-4	S4-Sub-5	S5-Ram-1	S5-Ram-2	S5-Ram-3	S5-Ram-4	S5-Ram-5	S5-Sub-1	S5-Sub-1	S5-Sub-1	S5-Sub-1	S5-Sub-1	S6-Mac-1	S6-Mac-2	S6-Mac-3	S6-Mac-4	S6-Mac-5	S6-Ric-1	S6-Ric-1	S6-Ric-1	S6-Ric-1	S6-Ric-5	S6-Sub-1	S6-Sub-2	S6-Sub-3	S6-Sub-4	S6-Sub-5	S7-Ech-1	S7-Ech-2	S7-Ech-3	S7-Ech-4	S7-Ech-5	S7-Par-1	S7-Par-2	S7-Par-3	S7-Par-4	S7-Par-5	S7-Sub-1	S7-Sub-2	S7-Sub-3	S7-Sub-4	S7-Sub-5	blank	blank	blank	blank	algae	algae																															ludwik	ludwik	blank	blank																																																																																			blank	blank	rotifers	rotifers	algae	algae	ludwik	ludwik	zywiec		zywiec							rotifers	rotifers	zywiec	zywiec																																																							rotifers	rotifers	algae	algae	blank	blank	blank	blank	blank	blank	blank			blank	blank													algae	algae																											blank	blank																																																			rotifers	rotifers							blank	algae	algae													blank																									rotifers	rotifers																								
50	50	50	50	50	Substrate	Substrate	Substrate	Substrate	Substrate	50	50	50	50	50	50	Substrate	Substrate	Substrate	Substrate	Substrate	50	50	50	50	50	50	Substrate	Substrate	Substrate	Substrate	Substrate	50	50	50	50	50	Substrate	Substrate	Substrate	Substrate	Substrate	50	50	50	50	50	Substrate	Substrate	Substrate	Substrate	Substrate	50	50	50	50	50	50	50	50	50	50	Substrate	Substrate	Substrate	Substrate	Substrate	50	50	50	50	50	50	50	50	50	50	Substrate	Substrate	Substrate	Substrate	Substrate	blank	blank	blank	blank	algae	algae	10	10	10	10	1	1	1	1	medium	medium	10	10	10	10	1	1	1	1	medium	medium	10	10	10	10	1	1	1	1	medium	medium	ludwik	ludwik	blank	blank	10	10	10	10	1	1	1	1	medium	medium	10	10	10	10	1	1	1	1	medium	medium	10	10	10	10	1	1	1	1	medium	10	10	10	10	1	1	1	1	medium	medium	10	10	10	10	1	1	1	1	medium	medium	10	10	10	10	1	1	1	1	medium	medium	medium	10	10	10	10	1	1	1	1	medium	10	medium	10	10	10	10	1	1	1	1	medium	10	medium	blank	blank	rotifers	rotifers	algae	algae	ludwik	ludwik	zywiec	10	zywiec	10	1	1	1	1	medium	rotifers	rotifers	zywiec	zywiec	50	medium	50	medium	50	medium	50	medium	50	medium	50	medium	50	medium	50	medium	50	medium	20	20	medium	medium	20	20	medium	medium	20	20	medium	medium	20	20	medium	medium	20	20	medium	medium	20	20	medium	medium	20	20	medium	medium	20	20	medium	medium	5	5	medium	medium	rotifers	rotifers	algae	algae	blank	blank	blank	blank	blank	blank	blank	1	medium	blank	blank	1	medium	1	medium	1	medium	1	medium	1	medium	1	medium	algae	algae	1	medium	1	medium	1	medium	1	medium	1	medium	1	medium	1	1	1	medium	1	1	1	medium	1	1	1	medium	1	medium	blank	blank	1	medium	1	medium	1	medium	1	1	1	medium	1	1	1	medium	1	1	1	medium	1	medium	1	1	1	medium	1	1	1	medium	1	1	1	medium	1	medium	1	medium	1	medium	1	medium	1	medium	1	medium	1	medium	1	medium	1	medium	rotifers	rotifers	1	medium	1	medium	1	medium	blank	algae	algae	1	1	1	medium	1	1	1	medium	1	1	1	medium	blank	1	1	1	medium	1	1	1	medium	1	1	1	medium	1	1	1	medium	1	1	1	medium	1	1	1	medium	rotifers	rotifers																								
																																																																																								washed	washed			washed	washed					washed	washed			washed	washed					washed	washed			washed	washed									washed	washed			washed	washed					washed	washed			washed	washed					washed	washed			washed	washed				washed	washed			washed	washed					washed	washed			washed	washed					washed	washed			washed	washed						washed	washed			washed	washed				washed		washed	washed			washed	washed				washed														washed	washed																																																																																																																																																																																																																																																		
IT	IT	IT	IT	IT	IT	IT	IT	IT	IT	IT	IT	IT	IT	IT	IT	IT	IT	IT	IT	IT	IT	IT	IT	IT	IT	IT	IT	IT	IT	IT	IT	IT	IT	IT	IT	IT	IT	IT	IT	IT	IT	IT	IT	IT	IT	IT	IT	IT	IT	IT	IT	IT	IT	IT	IT	IT	IT	IT	IT	IT	IT	IT	IT	IT	IT	IT	IT	IT	IT	IT	IT	IT	IT	IT	IT	IT	IT	IT	IT	IT	IT	IT	IT	UJ	UJ	UJ	UJ	UJ	UJ	UJ	UJ	UJ	UJ	UJ	UJ	UJ	UJ	UJ	UJ	UJ	UJ	UJ	UJ	UJ	UJ	UJ	UJ	UJ	UJ	UJ	UJ	UJ	UJ	UJ	UJ	UJ	UJ	UJ	UJ	UJ	UJ	UJ	UJ	UJ	UJ	UJ	UJ	UJ	UJ	UJ	UJ	UJ	UJ	UJ	UJ	UJ	UJ	UJ	UJ	UJ	UJ	UJ	UJ	UJ	UJ	UJ	UJ	UJ	UJ	UJ	UJ	UJ	UJ	UJ	UJ	UJ	UJ	UJ	UJ	UJ	UJ	UJ	UJ	UJ	UJ	UJ	UJ	UJ	UJ	UJ	UJ	UJ	UJ	UJ	UJ	UJ	UJ	UJ	UJ	UJ	UJ	UJ	UJ	UJ	UJ	UJ	UJ	UJ	UJ	UJ	UJ	UJ	UJ	UJ	UJ	UJ	UJ	UJ	UJ	UJ	UJ	UJ	UJ	UJ	UJ	UJ	UJ	UJ	UJ	UJ	UJ	UJ	UJ	UJ	UJ	UJ	UJ	UJ	UJ	UJ	UJ	UJ	UJ	UJ	UJ	UJ	UJ	UJ	UJ	UJ	UJ	UJ	UJ	UJ	UJ	UJ	UJ	UJ	UJ	UJ	UJ	UJ	UJ	UJ	UJ	UJ	UJ	UJ	UJ	UJ	UJ	UJ	UJ	UJ	UJ	UJ	UJ	UJ	UJ	UJ	UJ	UJ	UJ	UJ	UJ	UJ	UJ	UJ	UJ	UJ	UJ	UJ	UJ	UJ	UJ	UJ	UJ	UJ	UJ	UJ	UJ	UJ	UJ	UJ	UJ	UJ	UJ	UJ	UJ	UJ	UJ	UJ	UJ	UJ	UJ	UJ	UJ	UJ	UJ	UJ	UJ	UJ	UJ	UJ	UJ	UJ	UJ	UJ	UJ	UJ	UJ	UJ	UJ	UJ	UJ	UJ	UJ	UJ	UJ	UJ	UJ	UJ	UJ	UJ	UJ	UJ	UJ	UJ	UJ	UJ	UJ	UJ	UJ	UJ	UJ	UJ	UJ	UJ	UJ	UJ	UJ	UJ	UJ	UJ	UJ	UJ	UJ	UJ	UJ	UJ	UJ	UJ	UJ	UJ	UJ	UJ	UJ	UJ	UJ	UJ	UJ	UJ	UJ	UJ	UJ	UJ	UJ	UJ	UJ	UJ	UJ	UJ	UJ	UJ	UJ	UJ	UJ	UJ	UJ	UJ	UJ	UJ	UJ	UJ	UJ	UJ	UJ	UJ	UJ	UJ	UJ	UJ	UJ	UJ	UJ	UJ	UJ	UJ	UJ	UJ	UJ	UJ	UJ	UJ	UJ	UJ	UJ	UJ	UJ	UJ	UJ	UJ	UJ	UJ	UJ	UJ	UJ	UJ	UJ	UJ	UJ	UJ	UJ	UJ	UJ	UJ	UJ	UJ	UJ	UJ	UJ	UJ	UJ	UJ	UJ																								
cultured	cultured	cultured	cultured	cultured	cultured	cultured	cultured	cultured	cultured	from_moss	from_moss	from_moss	from_moss	from_moss	from_moss	from_moss	from_moss	from_moss	from_moss	from_moss	from_moss	from_moss	from_moss	from_moss	from_moss	from_moss	from_moss	from_moss	from_moss	from_moss	from_moss	from_moss	from_moss	from_moss	from_moss	from_moss	from_moss	from_moss	from_moss	from_moss	from_moss	from_moss	from_moss	from_moss	from_moss	from_moss	from_moss	from_moss	from_moss	from_moss	from_moss	from_moss	from_moss	from_moss	from_moss	from_moss	from_moss	from_moss	from_moss	from_moss	from_moss	from_moss	from_moss	from_moss	from_moss	from_moss	from_moss	from_moss	from_moss	from_moss	from_moss	from_moss	from_moss	from_moss	from_moss	from_moss	from_moss	from_moss	from_moss	from_moss	from_moss																																																																																																																																																																																																																																																																																																																																																																																								MAD-TAR9a	MAD-TAR11a	
																																																																																				exp3	exp3	exp3	exp3	exp3	exp3	exp3	exp3	exp3	exp3	exp3	exp3	exp3	exp3	exp3	exp3	exp3	exp3	exp3	exp3	exp3	exp3	exp3	exp3	exp3	exp3	exp3	exp3	exp3	exp3	exp3	exp3	exp3	exp3	exp3	exp3	exp3	exp3	exp3	exp3	exp3	exp3	exp3	exp3	exp3	exp3	exp3	exp3	exp3	exp3	exp3	exp3	exp3	exp3	exp3	exp3	exp3	exp3	exp3	exp3	exp3	exp3	exp3	exp3	exp3	exp3	exp3	exp3	exp3	exp3	exp3	exp3	exp3	exp3	exp3	exp3	exp3	exp3	exp3	exp3	exp3	exp3	exp3	exp3	exp3	exp3	exp3	exp3	exp3	exp3	exp3	exp3	exp3	exp3	exp3	exp3	exp3	exp3	exp3	exp3	exp3	exp3	exp3	exp3	exp3	exp3	exp3	exp3	exp3	exp3	exp3	exp3	exp3	exp3	exp3	exp3	exp3	exp3	exp3	exp3	exp3	exp3	exp3	exp3	exp3	exp3	exp3	exp3	exp3	exp3	exp3	exp3	exp3	exp3	exp3	exp3	exp3	exp3	exp3	exp3	exp3	exp4	exp4	exp4	exp4	exp4	exp4	exp4	exp4	exp4	exp4	exp4	exp4	exp4	exp4	exp4	exp4	exp4	exp4	exp4	exp4	exp4	exp4	exp4	exp4	exp4	exp4	exp4	exp4	exp4	exp4	exp4	exp4	exp4	exp4	exp4	exp4	exp4	exp4	exp4	exp4	exp4	exp4	exp4	exp4	exp4	exp4	exp4	exp4	exp4	exp4	exp4	exp4	exp4	exp4	exp4	exp4	exp4	exp4	exp4	exp4	exp4	exp4	exp4	exp4	exp4	exp1	exp1	exp1	exp1	exp1	exp1	exp1	exp1	exp1	exp1	exp1	exp1	exp1	exp1	exp1	exp1	exp1	exp1	exp1	exp1	exp1	exp1	exp1	exp1	exp1	exp1	exp1	exp1	exp1	exp1	exp1	exp1	exp1	exp1	exp1	exp1	exp1	exp1	exp1	exp1	exp1	exp1	exp1	exp1	exp1	exp1	exp1	exp1	exp1	exp1	exp1	exp1	exp1	exp1	exp1	exp1	exp1	exp1	exp1	exp1	exp1	exp1	exp1	exp1	exp1	exp1	exp1	exp1	exp1	exp1	exp1	exp1	exp1	exp1	exp1	exp1	exp1	exp1	exp1	exp1	exp1	exp1	exp1	exp1	exp1	exp1	exp1	exp1	exp1	exp1	exp1	exp1	exp1	exp1	exp1	exp1	exp1	exp1	exp1	exp1	exp1	exp1	exp1	exp1	exp1	exp1	exp1	exp1	exp1	exp1	exp1	exp1	exp1	exp1	exp1	exp1	exp1	exp1	exp1	exp1	exp1	exp1	exp1	exp1	exp1	exp1	exp1	exp1	exp1	exp1	exp1	exp1	exp1	exp1	exp1	exp1	exp1	exp1	exp1	exp1	exp1	exp1	exp1	exp1	exp1	exp1																								
																																																																																																																																																																																																																																																																																																		Macrobiotus	Macrobiotus			Macrobiotus	Macrobiotus	Milnesium	Milnesium	Macrobiotus	Macrobiotus	Milnesium	Milnesium	Macrobiotus	Macrobiotus	Paramacrobiotus	Paramacrobiotus			Hypsibius	Hypsibius	Mesobiotus	Mesobiotus	Paramacrobiotus	Paramacrobiotus	Macrobiotus	Macrobiotus	Paramacrobiotus	Paramacrobiotus	Macrobiotus	Macrobiotus	Mesobiotus	Mesobiotus	Mesobiotus	Mesobiotus	Mesobiotus	Mesobiotus	Mesobiotus	Mesobiotus	Mesobiotus	Mesobiotus	Mesobiotus	Mesobiotus	Milnesium	Milnesium			Paramacrobiotus	Paramacrobiotus	Paramacrobiotus	Paramacrobiotus	Milnesium	Milnesium	Macrobiotus	Macrobiotus	Macrobiotus	Macrobiotus	Macrobiotus	Macrobiotus	Macrobiotus	Macrobiotus	Macrobiotus	Macrobiotus	Macrobiotus	Macrobiotus	Thulinius	Thulinius	Macrobiotus	Macrobiotus	Macrobiotus	Macrobiotus	Macrobiotus	Macrobiotus	Macrobiotus	Macrobiotus	Macrobiotus	Macrobiotus	Macrobiotus	Macrobiotus	Hypsibius	Hypsibius	Paramacrobiotus	Paramacrobiotus	Macrobiotus	Macrobiotus	Milnesium	Milnesium	Pseudobiotus	Pseudobiotus	Paramacrobiotus	Paramacrobiotus	Macrobiotus	Macrobiotus	Paramacrobiotus	Paramacrobiotus	Macrobiotus	Macrobiotus			Mesobiotus	Mesobiotus	Macrobiotus	Macrobiotus	Mesobiotus	Mesobiotus				Mesobiotus	Mesobiotus	Mesobiotus	Mesobiotus	Mesobiotus	Mesobiotus	Mesobiotus	Mesobiotus	Mesobiotus	Mesobiotus	Mesobiotus	Mesobiotus		Macrobiotus	Macrobiotus	Macrobiotus	Macrobiotus	Macrobiotus	Macrobiotus	Macrobiotus	Macrobiotus	Macrobiotus	Macrobiotus	Macrobiotus	Macrobiotus	Macrobiotus	Macrobiotus	Macrobiotus	Macrobiotus	Macrobiotus	Macrobiotus	Macrobiotus	Macrobiotus	Macrobiotus	Macrobiotus	Macrobiotus	Macrobiotus			SRR8842347	SRR8842348	SRR8842349	SRR8842350	SRR8842351	SRR8842352	SRR8842353	SRR8842354	SRR8842355	SRR8842356	SRR8842357	SRR8842358	SRR8842359	SRR8842360	SRR8842361	SRR8842362	SRR8842363	SRR8842364	SRR9312602	SRR9312603	SRR9312604	SRR9312605	SRR9312606	SRR8837415
 Acutuncus antarcticus 50  Sample3	 Acutuncus antarcticus 50  Sample3	 Acutuncus antarcticus 50  Sample3	 Acutuncus antarcticus 50  Sample3	 Acutuncus antarcticus 50  Sample3	 Acutuncus antarcticus Substrate  Sample3	 Acutuncus antarcticus Substrate  Sample3	 Acutuncus antarcticus Substrate  Sample3	 Acutuncus antarcticus Substrate  Sample3	 Acutuncus antarcticus Substrate  Sample3	 Acutuncus antarcticus 50  Sample1	 Acutuncus antarcticus 50  Sample1	 Acutuncus antarcticus 50  Sample1	 Acutuncus antarcticus 50  Sample1	 Acutuncus antarcticus 50  Sample1	 Acutuncus antarcticus 50  Sample1	 Acutuncus antarcticus Substrate  Sample1	 Acutuncus antarcticus Substrate  Sample1	 Acutuncus antarcticus Substrate  Sample1	 Acutuncus antarcticus Substrate  Sample1	 Acutuncus antarcticus Substrate  Sample1	 Acutuncus antarcticus 50  Sample2	 Acutuncus antarcticus 50  Sample2	 Acutuncus antarcticus 50  Sample2	 Acutuncus antarcticus 50  Sample2	 Acutuncus antarcticus 50  Sample2	 Acutuncus antarcticus 50  Sample2	 Acutuncus antarcticus Substrate  Sample2	 Acutuncus antarcticus Substrate  Sample2	 Acutuncus antarcticus Substrate  Sample2	 Acutuncus antarcticus Substrate  Sample2	 Acutuncus antarcticus Substrate  Sample2	 Ramazzottius oberhaeuseri 50  Sample4	 Ramazzottius oberhaeuseri 50  Sample4	 Ramazzottius oberhaeuseri 50  Sample4	 Ramazzottius oberhaeuseri 50  Sample4	 Ramazzottius oberhaeuseri 50  Sample4	 Ramazzottius oberhaeuseri Substrate  Sample4	 Ramazzottius oberhaeuseri Substrate  Sample4	 Ramazzottius oberhaeuseri Substrate  Sample4	 Ramazzottius oberhaeuseri Substrate  Sample4	 Ramazzottius oberhaeuseri Substrate  Sample4	 Ramazzottius oberhaeuseri 50  Sample5	 Ramazzottius oberhaeuseri 50  Sample5	 Ramazzottius oberhaeuseri 50  Sample5	 Ramazzottius oberhaeuseri 50  Sample5	 Ramazzottius oberhaeuseri 50  Sample5	 Ramazzottius oberhaeuseri Substrate  Sample5	 Ramazzottius oberhaeuseri Substrate  Sample5	 Ramazzottius oberhaeuseri Substrate  Sample5	 Ramazzottius oberhaeuseri Substrate  Sample5	 Ramazzottius oberhaeuseri Substrate  Sample5	 Macrobiotus macrocalix 50  Sample6	 Macrobiotus macrocalix 50  Sample6	 Macrobiotus macrocalix 50  Sample6	 Macrobiotus macrocalix 50  Sample6	 Macrobiotus macrocalix 50  Sample6	 Richtersius coronifer 50  Sample6	 Richtersius coronifer 50  Sample6	 Richtersius coronifer 50  Sample6	 Richtersius coronifer 50  Sample6	 Richtersius coronifer 50  Sample6	 Mac/Ric Substrate  Sample6	 Mac/Ric Substrate  Sample6	 Mac/Ric Substrate  Sample6	 Mac/Ric Substrate  Sample6	 Mac/Ric Substrate  Sample6	 Echiniscus 50  Sample7	 Echiniscus 50  Sample7	 Echiniscus 50  Sample7	 Echiniscus 50  Sample7	 Echiniscus 50  Sample7	 Paramacrobiotus areolatus 50  Sample7	 Paramacrobiotus areolatus 50  Sample7	 Paramacrobiotus areolatus 50  Sample7	 Paramacrobiotus areolatus 50  Sample7	 Paramacrobiotus areolatus 50  Sample7	 Pam/Ech Substrate  Sample7	 Pam/Ech Substrate  Sample7	 Pam/Ech Substrate  Sample7	 Pam/Ech Substrate  Sample7	 Pam/Ech Substrate  Sample7	 blank blank  Control-1	 blank blank  Control-2	beads blank blank  	beads blank blank  	beads algae algae  	beads algae algae  	beads Meb.KE.008 10 washed A	beads Meb.KE.008 10 washed A	beads Meb.KE.008 10  A	beads Meb.KE.008 10  A	beads Meb.KE.008 1 washed A	beads Meb.KE.008 1 washed A	beads Meb.KE.008 1  A	beads Meb.KE.008 1  A	beads Meb.KE.008 medium  A	beads Meb.KE.008 medium  A	beads Meb.KE.008 10 washed B	beads Meb.KE.008 10 washed B	beads Meb.KE.008 10  B	beads Meb.KE.008 10  B	beads Meb.KE.008 1 washed B	beads Meb.KE.008 1 washed B	beads Meb.KE.008 1  B	beads Meb.KE.008 1  B	beads Meb.KE.008 medium  B	beads Meb.KE.008 medium  B	beads Meb.KE.008 10 washed C	beads Meb.KE.008 10 washed C	beads Meb.KE.008 10  C	beads Meb.KE.008 10  C	beads Meb.KE.008 1 washed C	beads Meb.KE.008 1 washed C	beads Meb.KE.008 1  C	beads Meb.KE.008 1  C	beads Meb.KE.008 medium  C	beads Meb.KE.008 medium  C	beads ludwik ludwik  	beads ludwik ludwik  	PCR blank	PCR blank	beads Mac.PL.010 10 washed A	beads Mac.PL.010 10 washed A	beads Mac.PL.010 10  A	beads Mac.PL.010 10  A	beads Mac.PL.010 1 washed A	beads Mac.PL.010 1 washed A	beads Mac.PL.010 1  A	beads Mac.PL.010 1  A	beads Mac.PL.010 medium  A	beads Mac.PL.010 medium  A	beads Mac.PL.010 10 washed B	beads Mac.PL.010 10 washed B	beads Mac.PL.010 10  B	beads Mac.PL.010 10  B	beads Mac.PL.010 1 washed B	beads Mac.PL.010 1 washed B	beads Mac.PL.010 1  B	beads Mac.PL.010 1  B	beads Mac.PL.010 medium  B	beads Mac.PL.010 medium  B	beads Mac.PL.010 10 washed C	beads Mac.PL.010 10 washed C	beads Mac.PL.010 10  C	beads Mac.PL.010 10  C	beads Mac.PL.010 1 washed C	beads Mac.PL.010 1 washed C	beads Mac.PL.010 1  C	beads Mac.PL.010 1  C	beads Mac.PL.010 medium  C	beads Mac.PL.015 10 washed A	beads Mac.PL.015 10 washed A	beads Mac.PL.015 10  A	beads Mac.PL.015 10  A	beads Mac.PL.015 1 washed A	beads Mac.PL.015 1 washed A	beads Mac.PL.015 1  A	beads Mac.PL.015 1  A	beads Mac.PL.015 medium  A	beads Mac.PL.015 medium  A	beads Mac.PL.015 10 washed B	beads Mac.PL.015 10 washed B	beads Mac.PL.015 10  B	beads Mac.PL.015 10  B	beads Mac.PL.015 1 washed B	beads Mac.PL.015 1 washed B	beads Mac.PL.015 1  B	beads Mac.PL.015 1  B	beads Mac.PL.015 medium  B	beads Mac.PL.015 medium  B	beads Mac.PL.015 10 washed C	beads Mac.PL.015 10 washed C	beads Mac.PL.015 10  C	beads Mac.PL.015 10  C	beads Mac.PL.015 1 washed C	beads Mac.PL.015 1 washed C	beads Mac.PL.015 1  C	beads Mac.PL.015 1  C	beads Mac.PL.015 medium  C	beads Mac.PL.015 medium  C	Qiagen Mac.PL.015 medium  A	Qiagen Mac.PL.015 10 washed B	Qiagen Mac.PL.015 10 washed B	Qiagen Mac.PL.015 10  B	Qiagen Mac.PL.015 10  B	Qiagen Mac.PL.015 1 washed B	Qiagen Mac.PL.015 1 washed B	Qiagen Mac.PL.015 1  B	Qiagen Mac.PL.015 1  B	Qiagen Mac.PL.015 medium  B	Qiagen Mac.PL.015 10 washed A	Qiagen Mac.PL.015 medium  B	Qiagen Mac.PL.015 10 washed C	Qiagen Mac.PL.015 10 washed C	Qiagen Mac.PL.015 10  C	Qiagen Mac.PL.015 10  C	Qiagen Mac.PL.015 1 washed C	Qiagen Mac.PL.015 1 washed C	Qiagen Mac.PL.015 1  C	Qiagen Mac.PL.015 1  C	Qiagen Mac.PL.015 medium  C	Qiagen Mac.PL.015 10 washed A	Qiagen Mac.PL.015 medium  C	Qiagen blank blank  	Qiagen blank blank  	Qiagen rotifers rotifers  	Qiagen rotifers rotifers  	Qiagen algae algae  	Qiagen algae algae  	Qiagen ludwik ludwik  	Qiagen ludwik ludwik  	Qiagen zywiec zywiec  	Qiagen Mac.PL.015 10  A	Qiagen zywiec zywiec  	Qiagen Mac.PL.015 10  A	Qiagen Mac.PL.015 1 washed A	Qiagen Mac.PL.015 1 washed A	Qiagen Mac.PL.015 1  A	Qiagen Mac.PL.015 1  A	Qiagen Mac.PL.015 medium  A	beads rotifers rotifers  	beads rotifers rotifers  	beads zywiec zywiec  	beads zywiec zywiec  	beads Meb.KE.008 50  A	beads Meb.KE.008 medium  A	beads Meb.KE.008 50  B	beads Meb.KE.008 medium  B	beads Meb.KE.008 50  C	beads Meb.KE.008 medium  C	beads Mac.PL.010 50  A	beads Mac.PL.010 medium  A	beads Mac.PL.010 50  B	beads Mac.PL.010 medium  B	beads Mac.PL.010 50  C	beads Mac.PL.010 medium  C	beads Mac.PL.015 50  A	beads Mac.PL.015 medium  A	beads Mac.PL.015 50  B	beads Mac.PL.015 medium  B	beads Mac.PL.015 50  C	beads Mac.PL.015 medium  C	beads Pam.ric.ZA.212 20  	beads Pam.ric.ZA.212 20  	beads Pam.ric.ZA.212 medium  	beads Pam.ric.ZA.212 medium  	beads Pam.fai.PL.018 20  	beads Pam.fai.PL.018 20  	beads Pam.fai.PL.018 medium  	beads Pam.fai.PL.018 medium  	beads Pam.ric.KG.133 20  	beads Pam.ric.KG.133 20  	beads Pam.ric.KG.133 medium  	beads Pam.ric.KG.133 medium  	beads Mac.LT.013 20  	beads Mac.LT.013 20  	beads Mac.LT.013 medium  	beads Mac.LT.013 medium  	beads Mac.PL.352 20  	beads Mac.PL.352 20  	beads Mac.PL.352 medium  	beads Mac.PL.352 medium  	beads Mac.IN.030 20  	beads Mac.IN.030 20  	beads Mac.IN.030 medium  	beads Mac.IN.030 medium  	beads Pam.ric.TZ.073 20  	beads Pam.ric.TZ.073 20  	beads Pam.ric.TZ.073 medium  	beads Pam.ric.TZ.073 medium  	beads Meb.GB.093 20  	beads Meb.GB.093 20  	beads Meb.GB.093 medium  	beads Meb.GB.093 medium  	beads Mac.PL.110 5  	beads Mac.PL.110 5  	beads Mac.PL.110 medium  	beads Mac.PL.110 medium  	beads rotifers rotifers  	beads rotifers rotifers  	beads algae algae  	beads algae algae  	beads blank blank  	beads blank blank  	beads blank blank  	beads blank blank  	beads blank blank  	beads blank blank  	 blank blank  	Chelex Macrobiotus noongaris AU.031 1  	Chelex Macrobiotus noongaris AU.031 medium  	Chelex blank blank  	Chelex blank blank  	Chelex Macrobiotus polonicus CH.001 1  	Chelex Macrobiotus polonicus CH.001 medium  	Chelex Milnesium inceptum DE.001 1  	Chelex Milnesium inceptum DE.001 medium  	Chelex Macrobiotus canaricus ES.004 1  	Chelex Macrobiotus canaricus ES.004 medium  	Chelex Milnesium tardigradum FR.072 1  	Chelex Milnesium tardigradum FR.072 medium  	Chelex Macrobiotus polonicus FR.083 1  	Chelex Macrobiotus polonicus FR.083 medium  	Chelex Paramacrobiotus sp.  FR.123 1  	Chelex Paramacrobiotus sp.  FR.123 medium  	Chelex algae algae  	Chelex algae algae  	Chelex Hypsibius exemplaris GB.003 1  	Chelex Hypsibius exemplaris GB.003 medium  	Chelex Mesobiotus sp. GB.093 1  	Chelex Mesobiotus sp. GB.093 medium  	Chelex Paramacrobiotus sp. HU.12 1  	Chelex Paramacrobiotus sp. HU.12 medium  	Chelex Macrobiotus kamilae IN.030 1  	Chelex Macrobiotus kamilae IN.030 medium  	Chelex Paramacrobiotus sp. IT.048 1  	Chelex Paramacrobiotus sp. IT.048 medium  	Chelex Macrobiotus shonaicus JP.002 1  	Chelex Macrobiotus shonaicus JP.002 medium  	Chelex Meb.KE.008 1  A	Chelex Meb.KE.008 1  A	Chelex Meb.KE.008 1  A	Chelex Meb.KE.008 medium  A	Chelex Meb.KE.008 1  B	Chelex Meb.KE.008 1  B	Chelex Meb.KE.008 1  B	Chelex Meb.KE.008 medium  B	Chelex Meb.KE.008 1  C	Chelex Meb.KE.008 1  C	Chelex Meb.KE.008 1  C	Chelex Meb.KE.008 medium  C	Chelex Milnesium sp.  MG.002 1  	Chelex Milnesium sp.  MG.002 medium  	 blank blank  	 blank blank  	Chelex Paramacrobiotus areolatus NO.385 1  	Chelex Paramacrobiotus areolatus NO.385 medium  	Chelex Paramacrobiotus sp. NO.386 1  	Chelex Paramacrobiotus sp. NO.386 medium  	Chelex Milnesium inceptum NZ.030 1  	Chelex Milnesium inceptum NZ.030 medium  	Chelex Mac.PL.010 1  A	Chelex Mac.PL.010 1  A	Chelex Mac.PL.010 1  A	Chelex Mac.PL.010 medium  A	Chelex Mac.PL.010 1  B	Chelex Mac.PL.010 1  B	Chelex Mac.PL.010 1  B	Chelex Mac.PL.010 medium  B	Chelex Mac.PL.010 1  C	Chelex Mac.PL.010 1  C	Chelex Mac.PL.010 1  C	Chelex Mac.PL.010 medium  C	Chelex Thulinius ruffoii PL.014 1  	Chelex Thulinius ruffoii PL.014 medium  	Chelex Mac.PL.015 1  A	Chelex Mac.PL.015 1  A	Chelex Mac.PL.015 1  A	Chelex Mac.PL.015 medium  A	Chelex Mac.PL.015 1  B	Chelex Mac.PL.015 1  B	Chelex Mac.PL.015 1  B	Chelex Mac.PL.015 medium  B	Chelex Mac.PL.015 1  C	Chelex Mac.PL.015 1  C	Chelex Mac.PL.015 1  C	Chelex Mac.PL.015 medium  C	Chelex Hypsibius sp.  PL.016 1  	Chelex Hypsibius sp.  PL.016 medium  	Chelex Paramacrobiotus fairbanksi PL.018 1  	Chelex Paramacrobiotus fairbanksi PL.018 medium  	Chelex Macrobiotus macrocalix PL.110 1  	Chelex Macrobiotus macrocalix PL.110 medium  	Chelex Milnesium sp. PL.247 1  	Chelex Milnesium sp. PL.247 medium  	Chelex Pseudobiotus sp.  PL.318 1  	Chelex Pseudobiotus sp.  PL.318 medium  	Chelex Paramacrobiotus sp. PT.006 1  	Chelex Paramacrobiotus sp. PT.006 medium  	Chelex Macrobiotus polonicus PT.008 1  	Chelex Macrobiotus polonicus PT.008 medium  	Chelex Paramacrobiotus sp. PT.035 1  	Chelex Paramacrobiotus sp. PT.035 medium  	Chelex Macrobiotus cf. recens PT.056 1  	Chelex Macrobiotus cf. recens PT.056 medium  	Chelex rotifers rotifers  	Chelex rotifers rotifers  	Chelex Mesobiotus sp. RU.017 1  	Chelex Mesobiotus sp. RU.017 medium  	Chelex Macrobiotus polonicus SK.003 1  	Chelex Macrobiotus polonicus SK.003 medium  	Chelex Mesobiotus sp. VN.036 1  	Chelex Mesobiotus sp. VN.036 medium  	beads blank blank  	beads algae algae  	beads algae algae  	beads Meb.KE.008 1  A	beads Meb.KE.008 1  A	beads Meb.KE.008 1  A	beads Meb.KE.008 medium  A	beads Meb.KE.008 1  B	beads Meb.KE.008 1  B	beads Meb.KE.008 1  B	beads Meb.KE.008 medium  B	beads Meb.KE.008 1  C	beads Meb.KE.008 1  C	beads Meb.KE.008 1  C	beads Meb.KE.008 medium  C	 blank blank  	beads Mac.PL.010 1  A	beads Mac.PL.010 1  A	beads Mac.PL.010 1  A	beads Mac.PL.010 medium  A	beads Mac.PL.010 1  B	beads Mac.PL.010 1  B	beads Mac.PL.010 1  B	beads Mac.PL.010 medium  B	beads Mac.PL.010 1  C	beads Mac.PL.010 1  C	beads Mac.PL.010 1  C	beads Mac.PL.010 medium  C	beads Mac.PL.015 1  A	beads Mac.PL.015 1  A	beads Mac.PL.015 1  A	beads Mac.PL.015 medium  A	beads Mac.PL.015 1  B	beads Mac.PL.015 1  B	beads Mac.PL.015 1  B	beads Mac.PL.015 medium  B	beads Mac.PL.015 1  C	beads Mac.PL.015 1  C	beads Mac.PL.015 1  C	beads Mac.PL.015 medium  C	beads rotifers rotifers  	beads rotifers rotifers  	Unio crassus gut	Unio crassus gut	Unio crassus gut	Unio crassus gut	Unio crassus gut	Unio crassus gut	Unio crassus gut	Unio crassus gut	Unio crassus gut	Unio crassus gut	Unio crassus gut	Unio crassus gut	Unio crassus gut	Unio crassus gut	Unio crassus gut	Unio crassus gut	Unio crassus gut	Unio crassus gut	rotifers’ medium	rotifers’ medium (centrifuged)	15 rotifers	Paramacrobiorus experimentalis	Paramacrobiorus experimentalis	Dastychius improvisus
																																																																																																																																																																																																																																																																																																		2016-03-01	2016-03-01			2015-12-01	2015-12-01	2002-01-01	2002-01-01	2007-02-01	2007-02-01	2016-07-01	2016-07-01	2016-07-01	2016-07-01	2016-11-01	2016-11-01			1987-01-01	1987-01-01	2017-06-01	2017-06-01	2015-01-01	2015-01-01	2018-02-01	2018-02-01	2016-02-01	2016-02-01	2017-01-01	2017-01-01	2014-03-01	2014-03-01	2014-03-01	2014-03-01	2014-03-01	2014-03-01	2014-03-01	2014-03-01	2014-03-01	2014-03-01	2014-03-01	2014-03-01	2018-05-09	2018-05-09			2017-10-01	2017-10-01	2017-10-01	2017-10-01	2017-12-01	2017-12-01	2014-06-01	2014-06-01	2014-06-01	2014-06-01	2014-06-01	2014-06-01	2014-06-01	2014-06-01	2014-06-01	2014-06-01	2014-06-01	2014-06-01	2014-11-01	2014-11-01	2014-04-01	2014-04-01	2014-04-01	2014-04-01	2014-04-01	2014-04-01	2014-04-01	2014-04-01	2014-04-01	2014-04-01	2014-04-01	2014-04-01	2013-11-01	2013-11-01	2014-03-01	2014-03-01	2015-09-01	2015-09-01	2016-10-01	2016-10-01	2017-09-01	2017-09-01	2016-01-01	2016-01-01	2016-01-06	2016-01-06	2018-03-01	2018-03-01	2018-02-01	2018-02-01			2016-09-01	2016-09-01			2018-11-01	2018-11-01				2014-03-01	2014-03-01	2014-03-01	2014-03-01	2014-03-01	2014-03-01	2014-03-01	2014-03-01	2014-03-01	2014-03-01	2014-03-01	2014-03-01		2014-06-01	2014-06-01	2014-06-01	2014-06-01	2014-06-01	2014-06-01	2014-06-01	2014-06-01	2014-06-01	2014-06-01	2014-06-01	2014-06-01	2014-04-01	2014-04-01	2014-04-01	2014-04-01	2014-04-01	2014-04-01	2014-04-01	2014-04-01	2014-04-01	2014-04-01	2014-04-01	2014-04-01																										
																																																																																																																																																																																																																																																																																																		2020-07-01	2020-07-01			2020-07-01	2020-07-01	2020-07-01	2020-07-01	2020-07-01	2020-07-01	2020-07-01	2020-07-01	2020-07-01	2020-07-01	2020-07-01	2020-07-01			2020-07-01	2020-07-01	2020-07-01	2020-07-01	2020-07-01	2020-07-01	2020-07-01	2020-07-01	2020-07-01	2020-07-01	2020-07-01	2020-07-01	2020-07-01	2020-07-01	2020-07-01	2020-07-01	2020-07-01	2020-07-01	2020-07-01	2020-07-01	2020-07-01	2020-07-01	2020-07-01	2020-07-01	2020-07-01	2020-07-01			2020-07-01	2020-07-01	2020-07-01	2020-07-01	2020-07-01	2020-07-01	2020-07-01	2020-07-01	2020-07-01	2020-07-01	2020-07-01	2020-07-01	2020-07-01	2020-07-01	2020-07-01	2020-07-01	2020-07-01	2020-07-01	2020-07-01	2020-07-01	2020-07-01	2020-07-01	2020-07-01	2020-07-01	2020-07-01	2020-07-01	2020-07-01	2020-07-01	2020-07-01	2020-07-01	2020-07-01	2020-07-01	2020-07-01	2020-07-01	2020-07-01	2020-07-01	2020-07-01	2020-07-01	2020-07-01	2020-07-01	2020-07-01	2020-07-01	2020-07-01	2020-07-01	2020-07-01	2020-07-01	2020-07-01	2020-07-01	2020-07-01	2020-07-01			2020-07-01	2020-07-01			2020-07-01	2020-07-01				2020-07-01	2020-07-01	2020-07-01	2020-07-01	2020-07-01	2020-07-01	2020-07-01	2020-07-01	2020-07-01	2020-07-01	2020-07-01	2020-07-01		2020-07-01	2020-07-01	2020-07-01	2020-07-01	2020-07-01	2020-07-01	2020-07-01	2020-07-01	2020-07-01	2020-07-01	2020-07-01	2020-07-01	2020-07-01	2020-07-01	2020-07-01	2020-07-01	2020-07-01	2020-07-01	2020-07-01	2020-07-01	2020-07-01	2020-07-01	2020-07-01	2020-07-01																										
																																																																																																																																																																																																																																																																																																		4,33698630136986	4,33698630136986			4,58630136986301	4,58630136986301	18,5095890410959	18,5095890410959	13,4219178082192	13,4219178082192	4,0027397260274	4,0027397260274	4,0027397260274	4,0027397260274	3,66575342465753	3,66575342465753			33,5205479452055	33,5205479452055	3,08493150684931	3,08493150684931	5,5013698630137	5,5013698630137	2,41369863013699	2,41369863013699	4,41643835616438	4,41643835616438	3,4986301369863	3,4986301369863	6,33972602739726	6,33972602739726	6,33972602739726	6,33972602739726	6,33972602739726	6,33972602739726	6,33972602739726	6,33972602739726	6,33972602739726	6,33972602739726	6,33972602739726	6,33972602739726	2,14794520547945	2,14794520547945			2,75068493150685	2,75068493150685	2,75068493150685	2,75068493150685	2,58356164383562	2,58356164383562	6,08767123287671	6,08767123287671	6,08767123287671	6,08767123287671	6,08767123287671	6,08767123287671	6,08767123287671	6,08767123287671	6,08767123287671	6,08767123287671	6,08767123287671	6,08767123287671	5,66849315068493	5,66849315068493	6,25479452054795	6,25479452054795	6,25479452054795	6,25479452054795	6,25479452054795	6,25479452054795	6,25479452054795	6,25479452054795	6,25479452054795	6,25479452054795	6,25479452054795	6,25479452054795	6,66849315068493	6,66849315068493	6,33972602739726	6,33972602739726	4,83561643835616	4,83561643835616	3,75068493150685	3,75068493150685	2,83287671232877	2,83287671232877	4,5013698630137	4,5013698630137	4,48767123287671	4,48767123287671	2,33698630136986	2,33698630136986	2,41369863013699	2,41369863013699			3,83287671232877	3,83287671232877			1,66575342465753	1,66575342465753				6,33972602739726	6,33972602739726	6,33972602739726	6,33972602739726	6,33972602739726	6,33972602739726	6,33972602739726	6,33972602739726	6,33972602739726	6,33972602739726	6,33972602739726	6,33972602739726		6,08767123287671	6,08767123287671	6,08767123287671	6,08767123287671	6,08767123287671	6,08767123287671	6,08767123287671	6,08767123287671	6,08767123287671	6,08767123287671	6,08767123287671	6,08767123287671	6,25479452054795	6,25479452054795	6,25479452054795	6,25479452054795	6,25479452054795	6,25479452054795	6,25479452054795	6,25479452054795	6,25479452054795	6,25479452054795	6,25479452054795	6,25479452054795																										
